<?xml version="1.0"?>
<data grt_format="2.0">
  <value _ptr_="000002EB4D404550" type="list" content-type="object" content-struct-name="db.mgmt.Connection">
    <value type="object" struct-name="db.mgmt.Connection" id="{94471BB6-1F65-471A-BC14-3E18CFF25B99}" struct-checksum="0x96ba47d8">
      <link type="object" struct-name="db.mgmt.Driver" key="driver">com.mysql.rdbms.mysql.driver.native</link>
      <value type="string" key="hostIdentifier">Mysql@localhost:3306</value>
      <value type="int" key="isDefault">0</value>
      <value _ptr_="000002EB520AEDE0" type="dict" key="modules"/>
      <value _ptr_="000002EB520AF680" type="dict" key="parameterValues">
        <value type="string" key="hostName">localhost</value>
        <value type="int" key="lastConnected">1691676122</value>
        <value type="int" key="port">3306</value>
        <value type="string" key="serverVersion">8.0.33</value>
        <value type="string" key="userName">root</value>
      </value>
      <value type="string" key="name">Local instance MySQL80</value>
      <link type="object" struct-name="GrtObject" key="owner">{1440533D-FA8B-46EE-9CBD-4FE71FD9A0FE}</link>
    </value>
  </value>
</data>
